patient_id,patient_fname,doctor,bp_val,chol_val
1,max,Man Steiner,90,60
2,john,Grace Augustine,100,80
3,jane,Man Steiner,110,100
4,jake,Grace Augustine,120,120
5,neytiri,Grace Augustine,130,140
6,kiri,Grace Augustine,140,160
7,eve,Man Steiner,95,100
8,mary,Man Steiner,105,120
9,adam,Man Steiner,105,120
10,eliza,Man Steiner,105,120
11,matt,Man Steiner,105,120
12,Ava,Steiner,140,120
13,Ava,Steiner,140,120
14,Ava,Steiner,140,120
15,Terry,Steiner,115,125
16,Tara,Steiner,115,110
17,Bob,Steiner,130,145
18,noah,Man Steiner,105,120
19,tony,Strange,115,125
